35456	1788885070.551731500	75	48418	443	0		TCP	48418 → 443 [SYN] Seq=0 Win=64240 Len=0 MSS=1460 SACK_PERM TSval=2494635611 TSecr=0 WS=128
36614	1788885070.758128100	75	443	48418	0		TCP	443 → 48418 [SYN, ACK] Seq=0 Ack=1 Win=64240 Len=0 MSS=1460
36618	1788885070.758289800	75	48418	443	0		TCP	48418 → 443 [ACK] Seq=1 Ack=1 Win=64240 Len=0
36649	1788885070.761487700	75	48418	443	1460		SSL	
36650	1788885070.761495900	75	48418	443	379		SSL	
36651	1788885070.761613700	75	443	48418	0		TCP	443 → 48418 [ACK] Seq=1 Ack=1461 Win=64240 Len=0
36655	1788885070.761744300	75	443	48418	0		TCP	443 → 48418 [ACK] Seq=1 Ack=1840 Win=64240 Len=0
37384	1788885071.176290800	75	443	48418	1460	2	TLSv1.3	Server Hello, Change Cipher Spec
37385	1788885071.176312800	75	443	48418	1460		TLSv1.3	Continuation Data
37386	1788885071.176326900	75	443	48418	1460		TLSv1.3	Continuation Data
37387	1788885071.176369000	75	443	48418	1141		TLSv1.3	Continuation Data
37388	1788885071.176555700	75	48418	443	0		TCP	48418 → 443 [ACK] Seq=1840 Ack=1461 Win=62780 Len=0
37389	1788885071.176617800	75	48418	443	0		TCP	48418 → 443 [ACK] Seq=1840 Ack=2921 Win=62780 Len=0
37390	1788885071.176665600	75	48418	443	0		TCP	48418 → 443 [ACK] Seq=1840 Ack=4381 Win=61320 Len=0
37391	1788885071.176710000	75	48418	443	0		TCP	48418 → 443 [ACK] Seq=1840 Ack=5522 Win=61320 Len=0
37392	1788885071.179620600	75	48418	443	64		TLSv1.3	Change Cipher Spec, Application Data
37393	1788885071.179714100	75	443	48418	0		TCP	443 → 48418 [ACK] Seq=5522 Ack=1904 Win=64240 Len=0
37394	1788885071.180372700	75	48418	443	711		TLSv1.3	Application Data
37395	1788885071.180425200	75	443	48418	0		TCP	443 → 48418 [ACK] Seq=5522 Ack=2615 Win=64240 Len=0
37867	1788885071.705863200	75	443	48418	1398		TLSv1.3	Application Data
37868	1788885071.705933800	75	443	48418	1460		TLSv1.3	Continuation Data
37869	1788885071.705953700	75	443	48418	1460		TLSv1.3	Continuation Data
37870	1788885071.705968900	75	443	48418	1460		TLSv1.3	Continuation Data
37871	1788885071.705991200	75	443	48418	1460		TLSv1.3	Continuation Data
37872	1788885071.706032300	75	443	48418	1150		TLSv1.3	Continuation Data
37873	1788885071.706377800	75	48418	443	0		TCP	48418 → 443 [ACK] Seq=2615 Ack=6920 Win=62780 Len=0
37874	1788885071.706498300	75	48418	443	0		TCP	48418 → 443 [ACK] Seq=2615 Ack=8380 Win=62780 Len=0
37875	1788885071.706559100	75	48418	443	0		TCP	48418 → 443 [ACK] Seq=2615 Ack=9840 Win=61320 Len=0
37876	1788885071.706616800	75	48418	443	0		TCP	48418 → 443 [ACK] Seq=2615 Ack=11300 Win=61320 Len=0
37877	1788885071.706676900	75	48418	443	0		TCP	48418 → 443 [ACK] Seq=2615 Ack=12760 Win=59860 Len=0
37878	1788885071.706738400	75	48418	443	0		TCP	48418 → 443 [ACK] Seq=2615 Ack=13910 Win=58710 Len=0
37903	1788885071.720935500	75	443	48418	1398		TLSv1.3	Continuation Data
37904	1788885071.721145500	75	443	48418	1398		TLSv1.3	Continuation Data
37905	1788885071.721179700	75	48418	443	0		TCP	48418 → 443 [ACK] Seq=2615 Ack=15308 Win=62780 Len=0
37908	1788885071.721481200	75	48418	443	0		TCP	48418 → 443 [ACK] Seq=2615 Ack=16706 Win=62780 Len=0
37935	1788885071.736039000	75	443	48418	1460		TLSv1.3	Continuation Data
37936	1788885071.736067200	75	443	48418	1336		TLSv1.3	Continuation Data
37937	1788885071.736603700	75	48418	443	0		TCP	48418 → 443 [ACK] Seq=2615 Ack=18166 Win=62780 Len=0
37938	1788885071.736784900	75	48418	443	0		TCP	48418 → 443 [ACK] Seq=2615 Ack=19502 Win=62780 Len=0
37971	1788885071.751019300	75	443	48418	1460		TLSv1.3	Continuation Data
37972	1788885071.751046600	75	443	48418	1336		TLSv1.3	Continuation Data
37973	1788885071.751327600	75	48418	443	0		TCP	48418 → 443 [ACK] Seq=2615 Ack=22298 Win=62780 Len=0
38002	1788885071.765942700	75	443	48418	1460		TLSv1.3	Continuation Data
38003	1788885071.765970700	75	443	48418	1336		TLSv1.3	Continuation Data
38004	1788885071.766226100	75	48418	443	0		TCP	48418 → 443 [ACK] Seq=2615 Ack=25094 Win=62780 Len=0
38347	1788885071.911817300	75	443	48418	1460		TLSv1.3	Continuation Data
38348	1788885071.911846500	75	443	48418	1336		TLSv1.3	Continuation Data
38353	1788885071.912996500	75	48418	443	0		TCP	48418 → 443 [ACK] Seq=2615 Ack=27890 Win=62780 Len=0
38372	1788885071.919284100	75	443	48418	1460		TLSv1.3	Continuation Data
38373	1788885071.919313400	75	443	48418	308		TLSv1.3	Continuation Data
38374	1788885071.919497400	75	48418	443	0		TCP	48418 → 443 [ACK] Seq=2615 Ack=29658 Win=62780 Len=0
40043	1788885117.953477300	75	48418	443	0		TCP	[TCP Keep-Alive] 48418 → 443 [ACK] Seq=2614 Ack=29658 Win=62780 Len=0
41002	1788885163.009560900	75	48418	443	0		TCP	[TCP Keep-Alive] 48418 → 443 [ACK] Seq=2614 Ack=29658 Win=62780 Len=0
41004	1788885163.009635600	75	443	48418	0		TCP	[TCP Keep-Alive ACK] 443 → 48418 [ACK] Seq=29658 Ack=2615 Win=64240 Len=0
41335	1788885208.065575600	75	48418	443	0		TCP	[TCP Keep-Alive] 48418 → 443 [ACK] Seq=2614 Ack=29658 Win=62780 Len=0
41343	1788885208.065714700	75	443	48418	0		TCP	[TCP Keep-Alive ACK] 443 → 48418 [ACK] Seq=29658 Ack=2615 Win=64240 Len=0
41622	1788885253.121457200	75	48418	443	0		TCP	[TCP Keep-Alive] 48418 → 443 [ACK] Seq=2614 Ack=29658 Win=62780 Len=0
41634	1788885253.121687700	75	443	48418	0		TCP	[TCP Keep-Alive ACK] 443 → 48418 [ACK] Seq=29658 Ack=2615 Win=64240 Len=0
41827	1788885298.177876300	75	48418	443	0		TCP	[TCP Keep-Alive] 48418 → 443 [ACK] Seq=2614 Ack=29658 Win=62780 Len=0
41833	1788885298.177962800	75	443	48418	0		TCP	[TCP Keep-Alive ACK] 443 → 48418 [ACK] Seq=29658 Ack=2615 Win=64240 Len=0
342395	1788885343.233819900	75	48418	443	0		TCP	[TCP Keep-Alive] 48418 → 443 [ACK] Seq=2614 Ack=29658 Win=62780 Len=0
342401	1788885343.233889300	75	443	48418	0		TCP	[TCP Keep-Alive ACK] 443 → 48418 [ACK] Seq=29658 Ack=2615 Win=64240 Len=0
693699	1788885377.160838700	75	48418	443	0		TCP	48418 → 443 [FIN, ACK] Seq=2615 Ack=29658 Win=62780 Len=0
693700	1788885377.160924700	75	443	48418	0		TCP	443 → 48418 [ACK] Seq=29658 Ack=2616 Win=64239 Len=0
694859	1788885377.367457900	75	443	48418	24		TLSv1.3	Application Data
694860	1788885377.367776700	75	48418	443	0		TCP	48418 → 443 [RST] Seq=2616 Win=0 Len=0
